product_code,product_name,hospital_name,purchase_date
T501601,動物專用顯影安全氣管插管,上弦動物醫院,2025/12/18
T501602,動物專用顯影安全氣管插管,上弦動物醫院,2025/12/18
T501603,動物專用顯影安全氣管插管,上弦動物醫院,2025/12/18
T501604,動物專用顯影安全氣管插管,上弦動物醫院,2025/12/18
T501605,動物專用顯影安全氣管插管,上弦動物醫院,2025/12/18
T501606,動物專用顯影安全氣管插管,上弦動物醫院,2025/12/18
T501607,動物專用顯影安全氣管插管,上弦動物醫院,2025/12/18
T501608,動物專用顯影安全氣管插管,上弦動物醫院,2025/12/18
T501609,動物專用顯影安全氣管插管,上弦動物醫院,2025/12/18
T501610,動物專用顯影安全氣管插管,上弦動物醫院,2025/12/18
T501611,動物專用顯影安全氣管插管,上弦動物醫院,2025/12/18
T501612,動物專用顯影安全氣管插管,上弦動物醫院,2025/12/18
T501613,動物專用顯影安全氣管插管,上弦動物醫院,2025/12/18
T501614,動物專用顯影安全氣管插管,上弦動物醫院,2025/12/18
T501615,動物專用顯影安全氣管插管,上弦動物醫院,2025/12/18
T501616,動物專用顯影安全氣管插管,上弦動物醫院,2025/12/18
T501617,動物專用顯影安全氣管插管,板橋上弦動物醫院,2025/12/29
T501618,動物專用顯影安全氣管插管,板橋上弦動物醫院,2025/12/29
T501619,動物專用顯影安全氣管插管,板橋上弦動物醫院,2025/12/29
T501620,動物專用顯影安全氣管插管,板橋上弦動物醫院,2025/12/29
T501621,動物專用顯影安全氣管插管,板橋上弦動物醫院,2025/12/29
T501622,動物專用顯影安全氣管插管,板橋上弦動物醫院,2025/12/29
T501623,動物專用顯影安全氣管插管,板橋上弦動物醫院,2025/12/29
T501624,動物專用顯影安全氣管插管,板橋上弦動物醫院,2025/12/29
T501625,動物專用顯影安全氣管插管,板橋上弦動物醫院,2025/12/29
T501626,動物專用顯影安全氣管插管,板橋上弦動物醫院,2025/12/29
T501627,動物專用顯影安全氣管插管,板橋上弦動物醫院,2025/12/29
T501628,動物專用顯影安全氣管插管,板橋上弦動物醫院,2025/12/29
T501629,動物專用顯影安全氣管插管,板橋上弦動物醫院,2025/12/29
T501630,動物專用顯影安全氣管插管,板橋上弦動物醫院,2025/12/29
T501631,動物專用顯影安全氣管插管,板橋上弦動物醫院,2025/12/29
T501632,動物專用顯影安全氣管插管,板橋上弦動物醫院,2025/12/29
T501633,動物專用顯影安全氣管插管,板橋上弦動物醫院,2025/12/29
T501634,動物專用顯影安全氣管插管,板橋上弦動物醫院,2025/12/29
T501635,動物專用顯影安全氣管插管,板橋上弦動物醫院,2025/12/29
T501636,動物專用顯影安全氣管插管,板橋上弦動物醫院,2025/12/29
T501637,動物專用顯影安全氣管插管,板橋上弦動物醫院,2025/12/29
T501638,動物專用顯影安全氣管插管,板橋上弦動物醫院,2025/12/29
T501639,動物專用顯影安全氣管插管,板橋上弦動物醫院,2025/12/29
T501640,動物專用顯影安全氣管插管,板橋上弦動物醫院,2025/12/29
T501641,動物專用顯影安全氣管插管,板橋上弦動物醫院,2025/12/29
T501642,動物專用顯影安全氣管插管,板橋上弦動物醫院,2025/12/29
T501643,動物專用顯影安全氣管插管,板橋上弦動物醫院,2025/12/29
T501644,動物專用顯影安全氣管插管,板橋上弦動物醫院,2025/12/29
T501645,動物專用顯影安全氣管插管,板橋上弦動物醫院,2025/12/29
T501646,動物專用顯影安全氣管插管,板橋上弦動物醫院,2025/12/29
T501647,動物專用顯影安全氣管插管,板橋上弦動物醫院,2025/12/29
T501648,動物專用顯影安全氣管插管,板橋上弦動物醫院,2025/12/29
T501649,動物專用顯影安全氣管插管,板橋上弦動物醫院,2025/12/29
T501650,動物專用顯影安全氣管插管,板橋上弦動物醫院,2025/12/29
T501651,動物專用顯影安全氣管插管,板橋上弦動物醫院,2025/12/29
T501652,動物專用顯影安全氣管插管,板橋上弦動物醫院,2025/12/29
T501653,動物專用顯影安全氣管插管,板橋上弦動物醫院,2025/12/29
T501654,動物專用顯影安全氣管插管,板橋上弦動物醫院,2025/12/29
T501655,動物專用顯影安全氣管插管,板橋上弦動物醫院,2025/12/29
T501656,動物專用顯影安全氣管插管,板橋上弦動物醫院,2025/12/29
T501657,動物專用顯影安全氣管插管,板橋上弦動物醫院,2025/12/29
T501658,動物專用顯影安全氣管插管,板橋上弦動物醫院,2025/12/29
T501659,動物專用顯影安全氣管插管,板橋上弦動物醫院,2025/12/29
T501660,動物專用顯影安全氣管插管,板橋上弦動物醫院,2025/12/29
T501661,動物專用顯影安全氣管插管,板橋上弦動物醫院,2025/12/29
T501662,動物專用顯影安全氣管插管,板橋上弦動物醫院,2025/12/29
T501663,動物專用顯影安全氣管插管,板橋上弦動物醫院,2025/12/29
T501664,動物專用顯影安全氣管插管,板橋上弦動物醫院,2025/12/29
T501665,動物專用顯影安全氣管插管,板橋上弦動物醫院,2025/12/29
T501666,動物專用顯影安全氣管插管,板橋上弦動物醫院,2025/12/29
T501667,動物專用顯影安全氣管插管,板橋上弦動物醫院,2025/12/29
T501668,動物專用顯影安全氣管插管,板橋上弦動物醫院,2025/12/29
T501669,動物專用顯影安全氣管插管,板橋上弦動物醫院,2025/12/29
T501670,動物專用顯影安全氣管插管,板橋上弦動物醫院,2025/12/29
T501671,動物專用顯影安全氣管插管,板橋上弦動物醫院,2025/12/29
T501672,動物專用顯影安全氣管插管,板橋上弦動物醫院,2025/12/29
T501673,動物專用顯影安全氣管插管,板橋上弦動物醫院,2025/12/29
T501674,動物專用顯影安全氣管插管,板橋上弦動物醫院,2025/12/29
T501675,動物專用顯影安全氣管插管,板橋上弦動物醫院,2025/12/29
T501676,動物專用顯影安全氣管插管,板橋上弦動物醫院,2025/12/29
T501677,動物專用顯影安全氣管插管,板橋上弦動物醫院,2025/12/29
T501678,動物專用顯影安全氣管插管,板橋上弦動物醫院,2025/12/29
T501679,動物專用顯影安全氣管插管,板橋上弦動物醫院,2025/12/29
T501680,動物專用顯影安全氣管插管,板橋上弦動物醫院,2025/12/29
T501681,動物專用顯影安全氣管插管,板橋上弦動物醫院,2025/12/29
T501682,動物專用顯影安全氣管插管,板橋上弦動物醫院,2025/12/29
T501683,動物專用顯影安全氣管插管,板橋上弦動物醫院,2025/12/29
T501684,動物專用顯影安全氣管插管,板橋上弦動物醫院,2025/12/29
T501685,動物專用顯影安全氣管插管,板橋上弦動物醫院,2025/12/29
T501686,動物專用顯影安全氣管插管,板橋上弦動物醫院,2025/12/29
T501687,動物專用顯影安全氣管插管,板橋上弦動物醫院,2025/12/29
T501688,動物專用顯影安全氣管插管,板橋上弦動物醫院,2025/12/29
T501689,動物專用顯影安全氣管插管,板橋上弦動物醫院,2025/12/29
T501690,動物專用顯影安全氣管插管,板橋上弦動物醫院,2025/12/29
T501691,動物專用顯影安全氣管插管,板橋上弦動物醫院,2025/12/29
T501692,動物專用顯影安全氣管插管,板橋上弦動物醫院,2025/12/29
T501693,動物專用顯影安全氣管插管,板橋上弦動物醫院,2025/12/29
T501694,動物專用顯影安全氣管插管,板橋上弦動物醫院,2025/12/29
T501695,動物專用顯影安全氣管插管,板橋上弦動物醫院,2025/12/29
T501696,動物專用顯影安全氣管插管,板橋上弦動物醫院,2025/12/29
T501697,動物專用顯影安全氣管插管,板橋上弦動物醫院,2025/12/29
T501698,動物專用顯影安全氣管插管,板橋上弦動物醫院,2025/12/29
T501699,動物專用顯影安全氣管插管,板橋上弦動物醫院,2025/12/29
T501700,動物專用顯影安全氣管插管,板橋上弦動物醫院,2025/12/29
T501701,動物專用顯影安全氣管插管,板橋上弦動物醫院,2025/12/29
T501702,動物專用顯影安全氣管插管,板橋上弦動物醫院,2025/12/29
T501703,動物專用顯影安全氣管插管,板橋上弦動物醫院,2025/12/29
T501704,動物專用顯影安全氣管插管,板橋上弦動物醫院,2025/12/29
T501705,動物專用顯影安全氣管插管,板橋上弦動物醫院,2025/12/29
T501706,動物專用顯影安全氣管插管,板橋上弦動物醫院,2025/12/29
T501707,動物專用顯影安全氣管插管,板橋上弦動物醫院,2025/12/29
T501708,動物專用顯影安全氣管插管,板橋上弦動物醫院,2025/12/29
T501709,動物專用顯影安全氣管插管,板橋上弦動物醫院,2025/12/29
T501710,動物專用顯影安全氣管插管,板橋上弦動物醫院,2025/12/29
T501711,動物專用顯影安全氣管插管,板橋上弦動物醫院,2025/12/29
T501712,動物專用顯影安全氣管插管,板橋上弦動物醫院,2025/12/29
T501713,動物專用顯影安全氣管插管,板橋上弦動物醫院,2025/12/29
T501714,動物專用顯影安全氣管插管,板橋上弦動物醫院,2025/12/29
T501715,動物專用顯影安全氣管插管,板橋上弦動物醫院,2025/12/29
T501716,動物專用顯影安全氣管插管,板橋上弦動物醫院,2025/12/29
T501717,動物專用顯影安全氣管插管,板橋上弦動物醫院,2025/12/29
T501718,動物專用顯影安全氣管插管,板橋上弦動物醫院,2025/12/29
T501719,動物專用顯影安全氣管插管,板橋上弦動物醫院,2025/12/29
T501720,動物專用顯影安全氣管插管,板橋上弦動物醫院,2025/12/29
T501721,動物專用顯影安全氣管插管,板橋上弦動物醫院,2025/12/29
T501722,動物專用顯影安全氣管插管,板橋上弦動物醫院,2025/12/29
T501723,動物專用顯影安全氣管插管,板橋上弦動物醫院,2025/12/29
T501724,動物專用顯影安全氣管插管,板橋上弦動物醫院,2025/12/29
T501725,動物專用顯影安全氣管插管,板橋上弦動物醫院,2025/12/29
T501726,動物專用顯影安全氣管插管,板橋上弦動物醫院,2025/12/29
T501727,動物專用顯影安全氣管插管,板橋上弦動物醫院,2025/12/29
T501728,動物專用顯影安全氣管插管,板橋上弦動物醫院,2025/12/29
T501729,動物專用顯影安全氣管插管,板橋上弦動物醫院,2025/12/29
T501730,動物專用顯影安全氣管插管,板橋上弦動物醫院,2025/12/29
T501731,動物專用顯影安全氣管插管,板橋上弦動物醫院,2025/12/29
T501732,動物專用顯影安全氣管插管,板橋上弦動物醫院,2025/12/29
T501733,動物專用顯影安全氣管插管,板橋上弦動物醫院,2025/12/29
T501734,動物專用顯影安全氣管插管,板橋上弦動物醫院,2025/12/29
T501735,動物專用顯影安全氣管插管,板橋上弦動物醫院,2025/12/29
T501736,動物專用顯影安全氣管插管,板橋上弦動物醫院,2025/12/29
T501737,動物專用顯影安全氣管插管,板橋上弦動物醫院,2025/12/29
T501738,動物專用顯影安全氣管插管,板橋上弦動物醫院,2025/12/29
T501739,動物專用顯影安全氣管插管,板橋上弦動物醫院,2025/12/29
T501740,動物專用顯影安全氣管插管,板橋上弦動物醫院,2025/12/29
T501741,動物專用顯影安全氣管插管,板橋上弦動物醫院,2025/12/29
T501742,動物專用顯影安全氣管插管,板橋上弦動物醫院,2025/12/29
T501743,動物專用顯影安全氣管插管,板橋上弦動物醫院,2025/12/29
T501744,動物專用顯影安全氣管插管,板橋上弦動物醫院,2025/12/29
T501745,動物專用顯影安全氣管插管,板橋上弦動物醫院,2025/12/29
T501746,動物專用顯影安全氣管插管,板橋上弦動物醫院,2025/12/29
T501747,動物專用顯影安全氣管插管,板橋上弦動物醫院,2025/12/29
T501748,動物專用顯影安全氣管插管,板橋上弦動物醫院,2025/12/29
T501749,動物專用顯影安全氣管插管,板橋上弦動物醫院,2025/12/29
T501750,動物專用顯影安全氣管插管,板橋上弦動物醫院,2025/12/29
T501751,動物專用顯影安全氣管插管,板橋上弦動物醫院,2025/12/29
T501752,動物專用顯影安全氣管插管,板橋上弦動物醫院,2025/12/29
T501753,動物專用顯影安全氣管插管,板橋上弦動物醫院,2025/12/29
T501754,動物專用顯影安全氣管插管,板橋上弦動物醫院,2025/12/29
T501755,動物專用顯影安全氣管插管,板橋上弦動物醫院,2025/12/29
T501756,動物專用顯影安全氣管插管,板橋上弦動物醫院,2025/12/29
T501757,動物專用顯影安全氣管插管,板橋上弦動物醫院,2025/12/29
T501758,動物專用顯影安全氣管插管,板橋上弦動物醫院,2025/12/29
T501759,動物專用顯影安全氣管插管,板橋上弦動物醫院,2025/12/29
T501760,動物專用顯影安全氣管插管,板橋上弦動物醫院,2025/12/29
T501761,動物專用顯影安全氣管插管,板橋上弦動物醫院,2025/12/29
T501762,動物專用顯影安全氣管插管,板橋上弦動物醫院,2025/12/29
T501763,動物專用顯影安全氣管插管,板橋上弦動物醫院,2025/12/29
T501764,動物專用顯影安全氣管插管,板橋上弦動物醫院,2025/12/29
T501765,動物專用顯影安全氣管插管,板橋上弦動物醫院,2025/12/29
T501766,動物專用顯影安全氣管插管,板橋上弦動物醫院,2025/12/29
T501767,動物專用顯影安全氣管插管,板橋上弦動物醫院,2025/12/29
T501768,動物專用顯影安全氣管插管,板橋上弦動物醫院,2025/12/29
T501769,動物專用顯影安全氣管插管,板橋上弦動物醫院,2025/12/29
T501770,動物專用顯影安全氣管插管,板橋上弦動物醫院,2025/12/29
T501771,動物專用顯影安全氣管插管,板橋上弦動物醫院,2025/12/29
T501772,動物專用顯影安全氣管插管,板橋上弦動物醫院,2025/12/29
T501773,動物專用顯影安全氣管插管,板橋上弦動物醫院,2025/12/29
T501774,動物專用顯影安全氣管插管,板橋上弦動物醫院,2025/12/29
T501775,動物專用顯影安全氣管插管,板橋上弦動物醫院,2025/12/29
T501776,動物專用顯影安全氣管插管,板橋上弦動物醫院,2025/12/29
T501777,動物專用顯影安全氣管插管,板橋上弦動物醫院,2025/12/29
T501778,動物專用顯影安全氣管插管,板橋上弦動物醫院,2025/12/29
T501779,動物專用顯影安全氣管插管,板橋上弦動物醫院,2025/12/29
T501780,動物專用顯影安全氣管插管,板橋上弦動物醫院,2025/12/29
T501781,動物專用顯影安全氣管插管,板橋上弦動物醫院,2025/12/29
T501782,動物專用顯影安全氣管插管,板橋上弦動物醫院,2025/12/29
T501783,動物專用顯影安全氣管插管,板橋上弦動物醫院,2025/12/29
T501784,動物專用顯影安全氣管插管,板橋上弦動物醫院,2025/12/29
T501785,動物專用顯影安全氣管插管,板橋上弦動物醫院,2025/12/29
T501786,動物專用顯影安全氣管插管,板橋上弦動物醫院,2025/12/29
T501787,動物專用顯影安全氣管插管,板橋上弦動物醫院,2025/12/29
T501788,動物專用顯影安全氣管插管,板橋上弦動物醫院,2025/12/29
T501789,動物專用顯影安全氣管插管,板橋上弦動物醫院,2025/12/29
T501790,動物專用顯影安全氣管插管,板橋上弦動物醫院,2025/12/29
T501791,動物專用顯影安全氣管插管,板橋上弦動物醫院,2025/12/29
T501792,動物專用顯影安全氣管插管,板橋上弦動物醫院,2025/12/29
T500001,動物專用顯影安全氣管插管,喜來樂動物醫院,2026/2/8
T500002,動物專用顯影安全氣管插管,喜來樂動物醫院,2026/2/8
T500003,動物專用顯影安全氣管插管,喜來樂動物醫院,2026/2/8
T500004,動物專用顯影安全氣管插管,喜來樂動物醫院,2026/2/8
T500005,動物專用顯影安全氣管插管,喜來樂動物醫院,2026/2/8
T500006,動物專用顯影安全氣管插管,喜來樂動物醫院,2026/2/8
T500007,動物專用顯影安全氣管插管,喜來樂動物醫院,2026/2/8
T500008,動物專用顯影安全氣管插管,喜來樂動物醫院,2026/2/8
T500009,動物專用顯影安全氣管插管,喜來樂動物醫院,2026/2/8
T500010,動物專用顯影安全氣管插管,喜來樂動物醫院,2026/2/8
T500011,動物專用顯影安全氣管插管,喜來樂動物醫院,2026/2/8
T500012,動物專用顯影安全氣管插管,喜來樂動物醫院,2026/2/8
T500013,動物專用顯影安全氣管插管,喜來樂動物醫院,2026/2/8
T500014,動物專用顯影安全氣管插管,喜來樂動物醫院,2026/2/8
T500015,動物專用顯影安全氣管插管,喜來樂動物醫院,2026/2/8
T500016,動物專用顯影安全氣管插管,喜來樂動物醫院,2026/2/8
T500017,動物專用顯影安全氣管插管,喜來樂動物醫院,2026/2/8
T500018,動物專用顯影安全氣管插管,喜來樂動物醫院,2026/2/8
T500019,動物專用顯影安全氣管插管,喜來樂動物醫院,2026/2/8
T500020,動物專用顯影安全氣管插管,喜來樂動物醫院,2026/2/8
T500021,動物專用顯影安全氣管插管,喜來樂動物醫院,2026/2/8
T500022,動物專用顯影安全氣管插管,喜來樂動物醫院,2026/2/8
T500023,動物專用顯影安全氣管插管,喜來樂動物醫院,2026/2/8
T500024,動物專用顯影安全氣管插管,喜來樂動物醫院,2026/2/8
T500025,動物專用顯影安全氣管插管,喜來樂動物醫院,2026/2/8
T500026,動物專用顯影安全氣管插管,喜來樂動物醫院,2026/2/8
T500027,動物專用顯影安全氣管插管,喜來樂動物醫院,2026/2/8
T500028,動物專用顯影安全氣管插管,喜來樂動物醫院,2026/2/8
T500029,動物專用顯影安全氣管插管,喜來樂動物醫院,2026/2/8
T500030,動物專用顯影安全氣管插管,喜來樂動物醫院,2026/2/8
T500031,動物專用顯影安全氣管插管,喜來樂動物醫院,2026/2/8
T500032,動物專用顯影安全氣管插管,喜來樂動物醫院,2026/2/8
T500033,動物專用顯影安全氣管插管,喜來樂動物醫院,2026/2/8
T500034,動物專用顯影安全氣管插管,喜來樂動物醫院,2026/2/8
T500035,動物專用顯影安全氣管插管,喜來樂動物醫院,2026/2/8
T500036,動物專用顯影安全氣管插管,喜來樂動物醫院,2026/2/8
T500037,動物專用顯影安全氣管插管,喜來樂動物醫院,2026/2/8
T500038,動物專用顯影安全氣管插管,喜來樂動物醫院,2026/2/8
T500039,動物專用顯影安全氣管插管,喜來樂動物醫院,2026/2/8
T500040,動物專用顯影安全氣管插管,喜來樂動物醫院,2026/2/8
T500041,動物專用顯影安全氣管插管,喜來樂動物醫院,2026/2/8
T500042,動物專用顯影安全氣管插管,喜來樂動物醫院,2026/2/8
T500043,動物專用顯影安全氣管插管,喜來樂動物醫院,2026/2/8
T500044,動物專用顯影安全氣管插管,喜來樂動物醫院,2026/2/8
T500045,動物專用顯影安全氣管插管,喜來樂動物醫院,2026/2/8
T500046,動物專用顯影安全氣管插管,喜來樂動物醫院,2026/2/8
T500047,動物專用顯影安全氣管插管,喜來樂動物醫院,2026/2/8
T500048,動物專用顯影安全氣管插管,喜來樂動物醫院,2026/2/8
T500049,動物專用顯影安全氣管插管,喜來樂動物醫院,2026/2/8
T500050,動物專用顯影安全氣管插管,喜來樂動物醫院,2026/2/8
T500051,動物專用顯影安全氣管插管,喜來樂動物醫院,2026/2/8
T500052,動物專用顯影安全氣管插管,世東動物醫院,2026/2/8
T500053,動物專用顯影安全氣管插管,世東動物醫院,2026/2/8
T500054,動物專用顯影安全氣管插管,世東動物醫院,2026/2/8
T500055,動物專用顯影安全氣管插管,世東動物醫院,2026/2/8
T500056,動物專用顯影安全氣管插管,世東動物醫院,2026/2/8
T500057,動物專用顯影安全氣管插管,世東動物醫院,2026/2/8
T500058,動物專用顯影安全氣管插管,世東動物醫院,2026/2/8
T500059,動物專用顯影安全氣管插管,世東動物醫院,2026/2/8
T500060,動物專用顯影安全氣管插管,世東動物醫院,2026/2/8
T500061,動物專用顯影安全氣管插管,世東動物醫院,2026/2/8
T500062,動物專用顯影安全氣管插管,世東動物醫院,2026/2/8
T500063,動物專用顯影安全氣管插管,世東動物醫院,2026/2/8
T500064,動物專用顯影安全氣管插管,世東動物醫院,2026/2/8
T500065,動物專用顯影安全氣管插管,世東動物醫院,2026/2/8
T500066,動物專用顯影安全氣管插管,世東動物醫院,2026/2/8
T500067,動物專用顯影安全氣管插管,世東動物醫院,2026/2/8
T500068,動物專用顯影安全氣管插管,世東動物醫院,2026/2/8
T500069,動物專用顯影安全氣管插管,世東動物醫院,2026/2/8
T500070,動物專用顯影安全氣管插管,世東動物醫院,2026/2/8
T500071,動物專用顯影安全氣管插管,世東動物醫院,2026/2/8
T500072,動物專用顯影安全氣管插管,世東動物醫院,2026/2/8
T500073,動物專用顯影安全氣管插管,世東動物醫院,2026/2/8
T500074,動物專用顯影安全氣管插管,世東動物醫院,2026/2/8
T500075,動物專用顯影安全氣管插管,世東動物醫院,2026/2/8
T500076,動物專用顯影安全氣管插管,沐愛動物醫院,2026/2/8
T500077,動物專用顯影安全氣管插管,沐愛動物醫院,2026/2/8
T500078,動物專用顯影安全氣管插管,沐愛動物醫院,2026/2/8
T500079,動物專用顯影安全氣管插管,沐愛動物醫院,2026/2/8
T500080,動物專用顯影安全氣管插管,沐愛動物醫院,2026/2/8
T500081,動物專用顯影安全氣管插管,沐愛動物醫院,2026/2/8
T500082,動物專用顯影安全氣管插管,沐愛動物醫院,2026/2/8
T500083,動物專用顯影安全氣管插管,沐愛動物醫院,2026/2/8
T500084,動物專用顯影安全氣管插管,沐愛動物醫院,2026/2/8
T500085,動物專用顯影安全氣管插管,沐愛動物醫院,2026/2/8
T500086,動物專用顯影安全氣管插管,沐愛動物醫院,2026/2/8
T500087,動物專用顯影安全氣管插管,沐愛動物醫院,2026/2/8
T500088,動物專用顯影安全氣管插管,沐愛動物醫院,2026/2/8
T500089,動物專用顯影安全氣管插管,沐愛動物醫院,2026/2/8
T500090,動物專用顯影安全氣管插管,沐愛動物醫院,2026/2/8
T500091,動物專用顯影安全氣管插管,沐愛動物醫院,2026/2/8
T500092,動物專用顯影安全氣管插管,沐愛動物醫院,2026/2/8
T500093,動物專用顯影安全氣管插管,沐愛動物醫院,2026/2/8
T500094,動物專用顯影安全氣管插管,沐愛動物醫院,2026/2/8
T500095,動物專用顯影安全氣管插管,沐愛動物醫院,2026/2/8
T500096,動物專用顯影安全氣管插管,沐愛動物醫院,2026/2/8
T500097,動物專用顯影安全氣管插管,沐愛動物醫院,2026/2/8
T500098,動物專用顯影安全氣管插管,沐愛動物醫院,2026/2/8
T500099,動物專用顯影安全氣管插管,沐愛動物醫院,2026/2/8
T500100,動物專用顯影安全氣管插管,沐愛動物醫院,2026/2/8
T500101,動物專用顯影安全氣管插管,沐愛動物醫院,2026/2/8
T500102,動物專用顯影安全氣管插管,沐愛動物醫院,2026/2/8
T500103,動物專用顯影安全氣管插管,沐愛動物醫院,2026/2/8
T500104,動物專用顯影安全氣管插管,沐愛動物醫院,2026/2/8
T500105,動物專用顯影安全氣管插管,沐愛動物醫院,2026/2/8
T500106,動物專用顯影安全氣管插管,沐愛動物醫院,2026/2/8
T500107,動物專用顯影安全氣管插管,沐愛動物醫院,2026/2/8
T500108,動物專用顯影安全氣管插管,沐愛動物醫院,2026/2/8
T500109,動物專用顯影安全氣管插管,沐愛動物醫院,2026/2/8
T500110,動物專用顯影安全氣管插管,沐愛動物醫院,2026/2/8
T500111,動物專用顯影安全氣管插管,沐愛動物醫院,2026/2/8
T500112,動物專用顯影安全氣管插管,沐愛動物醫院,2026/2/8
T500113,動物專用顯影安全氣管插管,沐愛動物醫院,2026/2/8
T500114,動物專用顯影安全氣管插管,沐愛動物醫院,2026/2/8
T500115,動物專用顯影安全氣管插管,沐愛動物醫院,2026/2/8
T500116,動物專用顯影安全氣管插管,沐愛動物醫院,2026/2/8
T500117,動物專用顯影安全氣管插管,沐愛動物醫院,2026/2/8
T500118,動物專用顯影安全氣管插管,沐愛動物醫院,2026/2/8
T500119,動物專用顯影安全氣管插管,沐愛動物醫院,2026/2/8
T500120,動物專用顯影安全氣管插管,沐愛動物醫院,2026/2/8
T500121,動物專用顯影安全氣管插管,沐愛動物醫院,2026/2/8
T500122,動物專用顯影安全氣管插管,沐愛動物醫院,2026/2/8
T500123,動物專用顯影安全氣管插管,沐愛動物醫院,2026/2/8
T500124,動物專用顯影安全氣管插管,沐愛動物醫院,2026/2/8
T500125,動物專用顯影安全氣管插管,沐愛動物醫院,2026/2/8
T500126,動物專用顯影安全氣管插管,沐愛動物醫院,2026/2/8
T500127,動物專用顯影安全氣管插管,沐愛動物醫院,2026/2/8
T500128,動物專用顯影安全氣管插管,沐愛動物醫院,2026/2/8
T500129,動物專用顯影安全氣管插管,沐愛動物醫院,2026/2/8
T500130,動物專用顯影安全氣管插管,沐愛動物醫院,2026/2/8
T500131,動物專用顯影安全氣管插管,沐愛動物醫院,2026/2/8
T500132,動物專用顯影安全氣管插管,沐愛動物醫院,2026/2/8
T500133,動物專用顯影安全氣管插管,沐愛動物醫院,2026/2/8
T500134,動物專用顯影安全氣管插管,沐愛動物醫院,2026/2/8
T500135,動物專用顯影安全氣管插管,沐愛動物醫院,2026/2/8
T500136,動物專用顯影安全氣管插管,沐愛動物醫院,2026/2/8
T500137,動物專用顯影安全氣管插管,沐愛動物醫院,2026/2/8
T500138,動物專用顯影安全氣管插管,沐愛動物醫院,2026/2/8
T500139,動物專用顯影安全氣管插管,沐愛動物醫院,2026/2/8
T500140,動物專用顯影安全氣管插管,沐愛動物醫院,2026/2/8
T500141,動物專用顯影安全氣管插管,沐愛動物醫院,2026/2/8
T500142,動物專用顯影安全氣管插管,沐愛動物醫院,2026/2/8
T500143,動物專用顯影安全氣管插管,沐愛動物醫院,2026/2/8
T500144,動物專用顯影安全氣管插管,沐愛動物醫院,2026/2/8
T500145,動物專用顯影安全氣管插管,沐愛動物醫院,2026/2/8
T500146,動物專用顯影安全氣管插管,沐愛動物醫院,2026/2/8
T500147,動物專用顯影安全氣管插管,沐愛動物醫院,2026/2/8
T500148,動物專用顯影安全氣管插管,沐愛動物醫院,2026/2/8
T500149,動物專用顯影安全氣管插管,沐愛動物醫院,2026/2/8
T500150,動物專用顯影安全氣管插管,沐愛動物醫院,2026/2/8
T500151,動物專用顯影安全氣管插管,沐愛動物醫院,2026/2/8
T500152,動物專用顯影安全氣管插管,沐愛動物醫院,2026/2/8
T500153,動物專用顯影安全氣管插管,沐愛動物醫院,2026/2/8
T500154,動物專用顯影安全氣管插管,沐愛動物醫院,2026/2/8
T500155,動物專用顯影安全氣管插管,沐愛動物醫院,2026/2/8
T500156,動物專用顯影安全氣管插管,沐愛動物醫院,2026/2/8
T500157,動物專用顯影安全氣管插管,沐愛動物醫院,2026/2/8
T500158,動物專用顯影安全氣管插管,沐愛動物醫院,2026/2/8
T500159,動物專用顯影安全氣管插管,沐愛動物醫院,2026/2/8
T500160,動物專用顯影安全氣管插管,沐愛動物醫院,2026/2/8
T500161,動物專用顯影安全氣管插管,沐愛動物醫院,2026/2/8
T500162,動物專用顯影安全氣管插管,沐愛動物醫院,2026/2/8
T500163,動物專用顯影安全氣管插管,沐愛動物醫院,2026/2/8
T500164,動物專用顯影安全氣管插管,沐愛動物醫院,2026/2/8
T500165,動物專用顯影安全氣管插管,沐愛動物醫院,2026/2/8
T500166,動物專用顯影安全氣管插管,沐愛動物醫院,2026/2/8
T500167,動物專用顯影安全氣管插管,沐愛動物醫院,2026/2/8
T500168,動物專用顯影安全氣管插管,沐愛動物醫院,2026/2/8
T500169,動物專用顯影安全氣管插管,沐愛動物醫院,2026/2/8
T500170,動物專用顯影安全氣管插管,沐愛動物醫院,2026/2/8
T500171,動物專用顯影安全氣管插管,沐愛動物醫院,2026/2/8
T500172,動物專用顯影安全氣管插管,沐愛動物醫院,2026/2/8
T500173,動物專用顯影安全氣管插管,沐愛動物醫院,2026/2/8
T500174,動物專用顯影安全氣管插管,沐愛動物醫院,2026/2/8
T500175,動物專用顯影安全氣管插管,沐愛動物醫院,2026/2/8
T500176,動物專用顯影安全氣管插管,沐愛動物醫院,2026/2/8
T500177,動物專用顯影安全氣管插管,沐愛動物醫院,2026/2/8
T500178,動物專用顯影安全氣管插管,沐愛動物醫院,2026/2/8
T500179,動物專用顯影安全氣管插管,沐愛動物醫院,2026/2/8
T500180,動物專用顯影安全氣管插管,沐愛動物醫院,2026/2/8
T500181,動物專用顯影安全氣管插管,沐愛動物醫院,2026/2/8
T500182,動物專用顯影安全氣管插管,沐愛動物醫院,2026/2/8
T500183,動物專用顯影安全氣管插管,沐愛動物醫院,2026/2/8
T500184,動物專用顯影安全氣管插管,沐愛動物醫院,2026/2/8
T500185,動物專用顯影安全氣管插管,沐愛動物醫院,2026/2/8
T500186,動物專用顯影安全氣管插管,沐愛動物醫院,2026/2/8
T500187,動物專用顯影安全氣管插管,沐愛動物醫院,2026/2/8
T500188,動物專用顯影安全氣管插管,沐愛動物醫院,2026/2/8
T500189,動物專用顯影安全氣管插管,沐愛動物醫院,2026/2/8
T500190,動物專用顯影安全氣管插管,沐愛動物醫院,2026/2/8
T500191,動物專用顯影安全氣管插管,沐愛動物醫院,2026/2/8
T500192,動物專用顯影安全氣管插管,沐愛動物醫院,2026/2/8
T500193,動物專用顯影安全氣管插管,沐愛動物醫院,2026/2/8
T500194,動物專用顯影安全氣管插管,沐愛動物醫院,2026/2/8
T500195,動物專用顯影安全氣管插管,沐愛動物醫院,2026/2/8
T500196,動物專用顯影安全氣管插管,沐愛動物醫院,2026/2/8
T500197,動物專用顯影安全氣管插管,沐愛動物醫院,2026/2/8
T500198,動物專用顯影安全氣管插管,沐愛動物醫院,2026/2/8
T500199,動物專用顯影安全氣管插管,沐愛動物醫院,2026/2/8
T500200,動物專用顯影安全氣管插管,沐愛動物醫院,2026/2/8
T500201,動物專用顯影安全氣管插管,沐愛動物醫院,2026/2/8
T500202,動物專用顯影安全氣管插管,沐愛動物醫院,2026/2/8
T500203,動物專用顯影安全氣管插管,沐愛動物醫院,2026/2/8
T500204,動物專用顯影安全氣管插管,沐愛動物醫院,2026/2/8
T500205,動物專用顯影安全氣管插管,沐愛動物醫院,2026/2/8
T500206,動物專用顯影安全氣管插管,測試用 動物醫院,2026/2/10
T500207,動物專用顯影安全氣管插管,測試用 動物醫院,2026/2/10
T500208,動物專用顯影安全氣管插管,測試用 動物醫院,2026/2/10
T500209,動物專用顯影安全氣管插管,測試用 動物醫院,2026/2/10
T500210,動物專用顯影安全氣管插管,測試用 動物醫院,2026/2/10
T500211,動物專用顯影安全氣管插管,測試用 動物醫院,2026/2/10
T500212,動物專用顯影安全氣管插管,測試用 動物醫院,2026/2/10
T500213,動物專用顯影安全氣管插管,測試用 動物醫院,2026/2/10
T500214,動物專用顯影安全氣管插管,測試用 動物醫院,2026/2/10
T500215,動物專用顯影安全氣管插管,測試用 動物醫院,2026/2/10
T500216,動物專用顯影安全氣管插管,測試用 動物醫院,2026/2/10
T500217,動物專用顯影安全氣管插管,測試用 動物醫院,2026/2/10
T500218,動物專用顯影安全氣管插管,測試用 動物醫院,2026/2/10
T500219,動物專用顯影安全氣管插管,測試用 動物醫院,2026/2/10
T500220,動物專用顯影安全氣管插管,測試用 動物醫院,2026/2/10
T500221,動物專用顯影安全氣管插管,測試用 動物醫院,2026/2/10
T500222,動物專用顯影安全氣管插管,測試用 動物醫院,2026/2/10
T500223,動物專用顯影安全氣管插管,測試用 動物醫院,2026/2/10
T500224,動物專用顯影安全氣管插管,測試用 動物醫院,2026/2/10
T500225,動物專用顯影安全氣管插管,測試用 動物醫院,2026/2/10
T500226,動物專用顯影安全氣管插管,測試用 動物醫院,2026/2/10
T500227,動物專用顯影安全氣管插管,測試用 動物醫院,2026/2/10
T500228,動物專用顯影安全氣管插管,測試用 動物醫院,2026/2/10
T500229,動物專用顯影安全氣管插管,測試用 動物醫院,2026/2/10
T500230,動物專用顯影安全氣管插管,測試用 動物醫院,2026/2/10
T500231,動物專用顯影安全氣管插管,測試用 動物醫院,2026/2/10
T500232,動物專用顯影安全氣管插管,測試用 動物醫院,2026/2/10
T500233,動物專用顯影安全氣管插管,測試用 動物醫院,2026/2/10
T500234,動物專用顯影安全氣管插管,測試用 動物醫院,2026/2/10
T500235,動物專用顯影安全氣管插管,測試用 動物醫院,2026/2/10
T500236,動物專用顯影安全氣管插管,測試用 動物醫院,2026/2/10
T500237,動物專用顯影安全氣管插管,測試用 動物醫院,2026/2/10
T500238,動物專用顯影安全氣管插管,測試用 動物醫院,2026/2/10
T500239,動物專用顯影安全氣管插管,測試用 動物醫院,2026/2/10
T500240,動物專用顯影安全氣管插管,測試用 動物醫院,2026/2/10
T500241,動物專用顯影安全氣管插管,測試用 動物醫院,2026/2/10
T500242,動物專用顯影安全氣管插管,測試用 動物醫院,2026/2/10
T500243,動物專用顯影安全氣管插管,測試用 動物醫院,2026/2/10
T500244,動物專用顯影安全氣管插管,測試用 動物醫院,2026/2/10
T500245,動物專用顯影安全氣管插管,測試用 動物醫院,2026/2/10
T500246,動物專用顯影安全氣管插管,測試用 動物醫院,2026/2/10
T500247,動物專用顯影安全氣管插管,測試用 動物醫院,2026/2/10
T500248,動物專用顯影安全氣管插管,測試用 動物醫院,2026/2/10
T500249,動物專用顯影安全氣管插管,測試用 動物醫院,2026/2/10
T500250,動物專用顯影安全氣管插管,測試用 動物醫院,2026/2/10
T500251,動物專用顯影安全氣管插管,測試用 動物醫院,2026/2/10
T500252,動物專用顯影安全氣管插管,測試用 動物醫院,2026/2/10
T500253,動物專用顯影安全氣管插管,測試用 動物醫院,2026/2/10
T500254,動物專用顯影安全氣管插管,測試用 動物醫院,2026/2/10
T500255,動物專用顯影安全氣管插管,測試用 動物醫院,2026/2/10
T500256,動物專用顯影安全氣管插管,測試用 動物醫院,2026/2/10
T500257,動物專用顯影安全氣管插管,測試用 動物醫院,2026/2/10
T500258,動物專用顯影安全氣管插管,測試用 動物醫院,2026/2/10
T500259,動物專用顯影安全氣管插管,測試用 動物醫院,2026/2/10
T500260,動物專用顯影安全氣管插管,測試用 動物醫院,2026/2/10
T500261,動物專用顯影安全氣管插管,測試用 動物醫院,2026/2/10
T500262,動物專用顯影安全氣管插管,測試用 動物醫院,2026/2/10
T500263,動物專用顯影安全氣管插管,測試用 動物醫院,2026/2/10
T500264,動物專用顯影安全氣管插管,測試用 動物醫院,2026/2/10
T500265,動物專用顯影安全氣管插管,測試用 動物醫院,2026/2/10
T500266,動物專用顯影安全氣管插管,測試用 動物醫院,2026/2/10
T500267,動物專用顯影安全氣管插管,測試用 動物醫院,2026/2/10
T500268,動物專用顯影安全氣管插管,測試用 動物醫院,2026/2/10
T500269,動物專用顯影安全氣管插管,測試用 動物醫院,2026/2/10
T500270,動物專用顯影安全氣管插管,測試用 動物醫院,2026/2/10
T500271,動物專用顯影安全氣管插管,測試用 動物醫院,2026/2/10
T500272,動物專用顯影安全氣管插管,測試用 動物醫院,2026/2/10
T500273,動物專用顯影安全氣管插管,測試用 動物醫院,2026/2/10
T500274,動物專用顯影安全氣管插管,測試用 動物醫院,2026/2/10
T500275,動物專用顯影安全氣管插管,測試用 動物醫院,2026/2/10
T500276,動物專用顯影安全氣管插管,測試用 動物醫院,2026/2/10
T500277,動物專用顯影安全氣管插管,測試用 動物醫院,2026/2/10
T500278,動物專用顯影安全氣管插管,測試用 動物醫院,2026/2/10
T500279,動物專用顯影安全氣管插管,測試用 動物醫院,2026/2/10
T500280,動物專用顯影安全氣管插管,測試用 動物醫院,2026/2/10
T500281,動物專用顯影安全氣管插管,測試用 動物醫院,2026/2/10
T500282,動物專用顯影安全氣管插管,測試用 動物醫院,2026/2/10
T500283,動物專用顯影安全氣管插管,測試用 動物醫院,2026/2/10
T500284,動物專用顯影安全氣管插管,測試用 動物醫院,2026/2/10
T500285,動物專用顯影安全氣管插管,測試用 動物醫院,2026/2/10
T500286,動物專用顯影安全氣管插管,測試用 動物醫院,2026/2/10
T500287,動物專用顯影安全氣管插管,測試用 動物醫院,2026/2/10
T500288,動物專用顯影安全氣管插管,測試用 動物醫院,2026/2/10
T500289,動物專用顯影安全氣管插管,測試用 動物醫院,2026/2/10
T500290,動物專用顯影安全氣管插管,測試用 動物醫院,2026/2/10
T500291,動物專用顯影安全氣管插管,測試用 動物醫院,2026/2/10
T500292,動物專用顯影安全氣管插管,測試用 動物醫院,2026/2/10
T500293,動物專用顯影安全氣管插管,測試用 動物醫院,2026/2/10
T500294,動物專用顯影安全氣管插管,測試用 動物醫院,2026/2/10
T500295,動物專用顯影安全氣管插管,測試用 動物醫院,2026/2/10
T500296,動物專用顯影安全氣管插管,測試用 動物醫院,2026/2/12
T500297,動物專用顯影安全氣管插管,測試用 動物醫院,2026/2/12
T500298,動物專用顯影安全氣管插管,測試用 動物醫院,2026/2/12
T500299,動物專用顯影安全氣管插管,測試用 動物醫院,2026/2/12
T500300,動物專用顯影安全氣管插管,測試用 動物醫院,2026/2/12
